histogram_type,color_space,bins,pyramid_levels,normalization,distance,dimension,mAP@1,mAP@5
1d,Lab,32,1 2 4,l1,L1,2016,0.8333333333333334,0.8694444444444446
1d,Lab,32,1 2 4,l1,Hellinger,2016,0.7666666666666667,0.8133333333333332
1d,HSV,8,1 2 4,l1,L1,504,0.7666666666666667,0.8094444444444444
1d,HSV,8,1 2 4,l1,Hellinger,504,0.7666666666666667,0.8027777777777777
1d,HSV,32,1 2 4,l1,L1,2016,0.7333333333333333,0.7722222222222221
1d,HSV,32,1 2 4,l1,Hellinger,2016,0.7,0.7611111111111111
3d,HSV,8,1 2 4,l1,Hellinger,10752,0.7333333333333333,0.7416666666666667
3d,RGB,8,1 2 4,l1,L1,10752,0.6666666666666666,0.7233333333333333
1d,HSV,8,1 2,l1,Hellinger,120,0.6333333333333333,0.711111111111111
1d,Lab,8,1 2 4,l1,Hellinger,504,0.7,0.7066666666666667
1d,Lab,8,1 2 4,l1,L1,504,0.7,0.7
3d,Lab,8,1 2 4,l1,L1,10752,0.7,0.7
3d,RGB,8,1 2 4,l1,Hellinger,10752,0.6666666666666666,0.7
1d,Lab,32,1 2,l1,L1,480,0.6333333333333333,0.6788888888888888
3d,Lab,8,1 2 4,l1,Hellinger,10752,0.6333333333333333,0.6666666666666666
3d,HSV,8,1 2 4,l1,L1,10752,0.6,0.6583333333333333
1d,Lab,32,1 2,l1,Hellinger,480,0.6,0.6527777777777778
1d,HSV,8,1 2,l1,L1,120,0.5333333333333333,0.6511111111111111
1d,HSV,32,1 2,l1,L1,480,0.6333333333333333,0.65
3d,Lab,8,1 2,l1,L1,2560,0.6,0.65
3d,RGB,8,1 2,l1,Hellinger,2560,0.6,0.6416666666666667
1d,RGB,8,1 2 4,l1,L1,504,0.6333333333333333,0.6333333333333333
1d,Lab,8,1 2,l1,L1,120,0.5666666666666667,0.6277777777777778
1d,Lab,8,1 2,l1,Hellinger,120,0.5666666666666667,0.6222222222222221
1d,RGB,32,1 2 4,l1,L1,2016,0.6,0.615
1d,HSV,32,1 2,l1,Hellinger,480,0.5333333333333333,0.6122222222222222
1d,RGB,8,1 2 4,l1,Hellinger,504,0.6,0.611111111111111
3d,RGB,8,1,l1,Hellinger,512,0.5666666666666667,0.6066666666666667
3d,Lab,8,1 2,l1,Hellinger,2560,0.5333333333333333,0.5916666666666667
3d,RGB,8,1 2,l1,L1,2560,0.5333333333333333,0.5888888888888888
1d,Lab,32,1,l1,L1,96,0.5,0.586111111111111
1d,RGB,32,1 2 4,l1,Hellinger,2016,0.5333333333333333,0.5788888888888889
3d,HSV,8,1 2,l1,Hellinger,2560,0.4666666666666667,0.5744444444444444
1d,HSV,8,1,l1,L1,24,0.4666666666666667,0.5594444444444444
1d,Lab,32,1,l1,Hellinger,96,0.5,0.5583333333333333
1d,RGB,8,1 2,l1,Hellinger,120,0.5,0.5583333333333333
3d,Lab,8,1,l1,Hellinger,512,0.5333333333333333,0.55
3d,RGB,8,1,l1,L1,512,0.5,0.55
1d,HSV,8,1,l1,Hellinger,24,0.43333333333333335,0.5472222222222223
3d,HSV,8,1 2,l1,L1,2560,0.43333333333333335,0.5416666666666666
1d,HSV,32,1,l1,L1,96,0.4666666666666667,0.5244444444444444
1d,RGB,8,1 2,l1,L1,120,0.4666666666666667,0.5166666666666667
3d,Lab,8,1,l1,L1,512,0.4666666666666667,0.5166666666666667
1d,HSV,32,1,l1,Hellinger,96,0.43333333333333335,0.515
3d,HSV,8,1,l1,Hellinger,512,0.43333333333333335,0.5111111111111112
1d,RGB,32,1 2,l1,Hellinger,480,0.43333333333333335,0.49166666666666664
1d,Lab,8,1,l1,Hellinger,24,0.43333333333333335,0.49
1d,RGB,32,1 2,l1,L1,480,0.43333333333333335,0.48000000000000004
1d,Lab,8,1,l1,L1,24,0.4,0.4677777777777778
1d,RGB,8,1,l1,Hellinger,24,0.43333333333333335,0.45
3d,HSV,8,1,l1,L1,512,0.36666666666666664,0.44444444444444453
1d,RGB,8,1,l1,L1,24,0.4,0.44166666666666665
1d,RGB,32,1,l1,L1,96,0.36666666666666664,0.4027777777777778
1d,RGB,32,1,l1,Hellinger,96,0.3,0.35666666666666663
