template,layout,L_weight,distance,dimension,mAP@1,mAP@5
Lab 1D 32,blocks 4x4,0.5,L1,1536,0.8666666666666667,0.875
Lab 1D 32,blocks 4x4,0.3333333333333333,L1,1536,0.8333333333333334,0.8722222222222222
Lab 1D 32,pyramid 1+2+4,0.3333333333333333,L1,2016,0.8333333333333334,0.8694444444444446
Lab 1D 64,blocks 4x4,0.2,L1,3072,0.8666666666666667,0.8666666666666667
Lab 1D 64,pyramid 1+2+4,0.2,L1,4032,0.8666666666666667,0.8666666666666667
Lab 1D 64,blocks 4x4,0.5,L1,3072,0.8333333333333334,0.8583333333333333
Lab 1D 32,blocks 4x4,0.3333333333333333,Hellinger,1536,0.8333333333333334,0.8533333333333333
Lab 1D 32,blocks 4x4,0.3333333333333333,Chi-square,1536,0.8333333333333334,0.85
Lab 1D 64,blocks 4x4,0.3333333333333333,L1,3072,0.8333333333333334,0.85
Lab 1D 64,blocks 4x4,0.3333333333333333,Chi-square,3072,0.8333333333333334,0.85
Lab 1D 64,pyramid 1+2+4,0.3333333333333333,L1,4032,0.8333333333333334,0.85
Lab 1D 32,pyramid 1+2+4,0.3333333333333333,Chi-square,2016,0.8333333333333334,0.8483333333333333
Lab 1D 64,pyramid 1+2+4,0.5,L1,4032,0.8,0.84
Lab 1D 64,blocks 4x4,0.3333333333333333,Hellinger,3072,0.8,0.8333333333333334
Lab 1D 64,pyramid 1+2+4,0.3333333333333333,Chi-square,4032,0.8,0.8333333333333334
Lab 1D 32,pyramid 1+2+4,0.5,L1,2016,0.8,0.8305555555555555
Lab 1D 32,blocks 4x4,0.2,Chi-square,1536,0.8,0.8277777777777778
Lab 1D 64,blocks 4x4,0.2,Hellinger,3072,0.7666666666666667,0.8177777777777777
Lab 1D 64,pyramid 1+2+4,0.2,Hellinger,4032,0.7666666666666667,0.8177777777777777
Lab 1D 32,blocks 4x4,0.2,L1,1536,0.7666666666666667,0.8166666666666667
Lab 1D 32,pyramid 1+2+4,0.3333333333333333,Hellinger,2016,0.7666666666666667,0.8133333333333332
Lab 1D 32,blocks 4x4,0.2,Hellinger,1536,0.7666666666666667,0.8111111111111112
Lab 1D 32,pyramid 1+2+4,0.2,L1,2016,0.7666666666666667,0.8111111111111112
Lab 1D 64,blocks 4x4,0.2,Chi-square,3072,0.7666666666666667,0.8111111111111112
Lab 1D 64,pyramid 1+2+4,0.2,Chi-square,4032,0.7666666666666667,0.8111111111111112
Lab 1D 32,blocks 4x4,0.5,Chi-square,1536,0.8,0.8083333333333333
Lab 1D 32,pyramid 1+2+4,0.5,Chi-square,2016,0.8,0.8083333333333333
Lab 1D 32,pyramid 1+2+4,0.2,Hellinger,2016,0.7666666666666667,0.8083333333333333
Lab 1D 32,pyramid 1+2+4,0.2,Chi-square,2016,0.7666666666666667,0.8055555555555556
Lab 1D 64,blocks 4x4,0.5,Chi-square,3072,0.7666666666666667,0.8055555555555555
Lab 1D 64,pyramid 1+2+4,0.3333333333333333,Hellinger,4032,0.7666666666666667,0.8055555555555555
Lab 1D 64,blocks 4x4,0.0,Chi-square,3072,0.7333333333333333,0.7861111111111112
Lab 1D 16,blocks 4x4,0.2,Hellinger,768,0.7333333333333333,0.7861111111111111
Lab 1D 64,blocks 4x4,0.0,L1,3072,0.7333333333333333,0.7844444444444444
Lab 1D 64,blocks 4x4,0.0,Hellinger,3072,0.7,0.7833333333333333
Lab 1D 32,blocks 4x4,0.5,Hellinger,1536,0.7666666666666667,0.7816666666666666
Lab 1D 64,blocks 4x4,0.5,Hellinger,3072,0.7333333333333333,0.7805555555555554
Lab 1D 64,pyramid 1+2+4,0.0,Hellinger,4032,0.7,0.7777777777777778
Lab 1D 64,pyramid 1+2+4,0.5,Hellinger,4032,0.7333333333333333,0.7733333333333333
Lab 1D 16,pyramid 1+2+4,0.2,Hellinger,1008,0.7333333333333333,0.7694444444444444
Lab 1D 16,blocks 4x4,0.2,Chi-square,768,0.7,0.7694444444444444
Lab 1D 64,pyramid 1+2+4,0.5,Chi-square,4032,0.7,0.7677777777777777
Lab 1D 32,pyramid 1+2+4,0.5,Hellinger,2016,0.7666666666666667,0.7666666666666667
Lab 1D 16,blocks 4x4,0.2,L1,768,0.7333333333333333,0.7666666666666667
Lab 1D 16,pyramid 1+2+4,0.2,L1,1008,0.7333333333333333,0.7611111111111111
Lab 1D 16,blocks 4x4,0.3333333333333333,L1,768,0.7,0.7611111111111111
Lab 1D 16,blocks 4x4,0.3333333333333333,Hellinger,768,0.7333333333333333,0.7566666666666666
Lab 1D 64,pyramid 1+2+4,0.0,L1,4032,0.7,0.7511111111111111
Lab 1D 16,blocks 4x4,0.3333333333333333,Chi-square,768,0.7333333333333333,0.75
Lab 1D 16,pyramid 1+2+4,0.3333333333333333,Chi-square,1008,0.7333333333333333,0.75
Lab 1D 16,blocks 4x4,0.0,Chi-square,768,0.7,0.75
Lab 1D 16,pyramid 1+2+4,0.0,Chi-square,1008,0.7,0.75
Lab 1D 32,blocks 4x4,0.0,L1,1536,0.7,0.7444444444444444
Lab 1D 32,blocks 4x4,0.0,Hellinger,1536,0.6666666666666666,0.7427777777777778
Lab 1D 16,blocks 4x4,0.5,L1,768,0.7,0.7416666666666667
Lab 1D 16,pyramid 1+2+4,0.3333333333333333,L1,1008,0.7,0.7416666666666667
Lab 1D 16,blocks 4x4,0.5,Chi-square,768,0.7,0.74
Lab 1D 16,pyramid 1+2+4,0.2,Chi-square,1008,0.7,0.74
Lab 1D 32,pyramid 1+2+4,0.0,L1,2016,0.7,0.7388888888888888
Lab 1D 16,pyramid 1+2+4,0.3333333333333333,Hellinger,1008,0.7,0.7344444444444443
Lab 1D 32,pyramid 1+2+4,0.0,Hellinger,2016,0.6666666666666666,0.7305555555555555
Lab 1D 16,blocks 4x4,0.0,Hellinger,768,0.6666666666666666,0.7277777777777777
Lab 1D 16,pyramid 1+2+4,0.0,Hellinger,1008,0.6666666666666666,0.7277777777777777
Lab 1D 32,blocks 4x4,0.0,Chi-square,1536,0.6666666666666666,0.7277777777777777
Lab 1D 32,pyramid 1+2+4,0.0,Chi-square,2016,0.6666666666666666,0.7233333333333333
Lab 1D 64,pyramid 1+2+4,0.0,Chi-square,4032,0.6333333333333333,0.7222222222222221
Lab 1D 16,pyramid 1+2+4,0.5,L1,1008,0.7,0.7177777777777777
Lab 1D 16,pyramid 1+2+4,0.5,Chi-square,1008,0.6666666666666666,0.711111111111111
Lab 1D 16,blocks 4x4,0.5,Hellinger,768,0.6666666666666666,0.701111111111111
Lab 1D 16,blocks 4x4,0.0,L1,768,0.6333333333333333,0.7
Lab 1D 16,pyramid 1+2+4,0.5,Hellinger,1008,0.6666666666666666,0.6888888888888888
Lab 1D 16,pyramid 1+2+4,0.0,L1,1008,0.6333333333333333,0.6833333333333333
Lab 1D 64,global,0.3333333333333333,L1,192,0.5333333333333333,0.5994444444444444
Lab 1D 32,global,0.3333333333333333,L1,96,0.5,0.586111111111111
Lab 1D 64,global,0.2,L1,192,0.5,0.5777777777777777
Lab 1D 64,global,0.5,L1,192,0.5333333333333333,0.576111111111111
Lab 1D 16,global,0.2,L1,48,0.5333333333333333,0.5694444444444444
Lab 1D 32,global,0.2,Hellinger,96,0.4666666666666667,0.5694444444444444
Lab 1D 32,global,0.3333333333333333,Hellinger,96,0.5,0.5583333333333333
Lab 1D 32,global,0.2,L1,96,0.43333333333333335,0.5583333333333333
Lab 1D 32,global,0.2,Chi-square,96,0.4666666666666667,0.5555555555555555
Lab 1D 64,global,0.0,Hellinger,192,0.5,0.55
Lab 1D 64,global,0.3333333333333333,Hellinger,192,0.4666666666666667,0.55
Lab 1D 32,global,0.0,Chi-square,96,0.5,0.5444444444444445
Lab 1D 32,global,0.0,Hellinger,96,0.5,0.5427777777777778
Lab 1D 64,global,0.3333333333333333,Chi-square,192,0.4666666666666667,0.5388888888888889
Lab 1D 64,global,0.5,Hellinger,192,0.4666666666666667,0.5355555555555556
Lab 1D 32,global,0.0,L1,96,0.4666666666666667,0.5344444444444444
Lab 1D 64,global,0.2,Hellinger,192,0.43333333333333335,0.5344444444444444
Lab 1D 32,global,0.5,Chi-square,96,0.4666666666666667,0.5316666666666666
Lab 1D 64,global,0.5,Chi-square,192,0.4666666666666667,0.5316666666666666
Lab 1D 64,global,0.2,Chi-square,192,0.43333333333333335,0.525
Lab 1D 32,global,0.5,Hellinger,96,0.43333333333333335,0.5222222222222223
Lab 1D 64,global,0.0,Chi-square,192,0.5,0.5177777777777778
Lab 1D 16,global,0.0,L1,48,0.4666666666666667,0.5177777777777778
Lab 1D 32,global,0.5,L1,96,0.43333333333333335,0.5166666666666667
Lab 1D 32,global,0.3333333333333333,Chi-square,96,0.4,0.5
Lab 1D 16,global,0.3333333333333333,L1,48,0.43333333333333335,0.4972222222222223
Lab 1D 16,global,0.5,Hellinger,48,0.43333333333333335,0.4972222222222222
Lab 1D 16,global,0.0,Hellinger,48,0.43333333333333335,0.4955555555555556
Lab 1D 16,global,0.5,Chi-square,48,0.43333333333333335,0.4927777777777777
Lab 1D 16,global,0.3333333333333333,Hellinger,48,0.43333333333333335,0.49
Lab 1D 16,global,0.0,Chi-square,48,0.4,0.4816666666666667
Lab 1D 16,global,0.3333333333333333,Chi-square,48,0.43333333333333335,0.48055555555555557
Lab 1D 16,global,0.2,Hellinger,48,0.43333333333333335,0.48000000000000004
Lab 1D 16,global,0.5,L1,48,0.43333333333333335,0.4744444444444445
Lab 1D 16,global,0.2,Chi-square,48,0.43333333333333335,0.46944444444444444
Lab 1D 64,global,0.0,L1,192,0.4,0.46222222222222226
