template,space,layout,distance,dimension,mAP@1,mAP@5
Lab 1D 32,Lab,blocks 4x4,L1,1536,0.8333333333333334,0.8722222222222222
Lab 1D 32,Lab,pyramid 1+2+4,L1,2016,0.8333333333333334,0.8694444444444446
Lab 1D 32,Lab,blocks 4x4,Hellinger,1536,0.8333333333333334,0.8533333333333333
Lab 1D 32,Lab,blocks 4x4,Chi-square,1536,0.8333333333333334,0.85
Lab 1D 64,Lab,blocks 4x4,L1,3072,0.8333333333333334,0.85
Lab 1D 64,Lab,blocks 4x4,Chi-square,3072,0.8333333333333334,0.85
Lab 1D 64,Lab,pyramid 1+2+4,L1,4032,0.8333333333333334,0.85
Lab 1D 32,Lab,pyramid 1+2+4,Chi-square,2016,0.8333333333333334,0.8483333333333333
Lab 1D 64,Lab,blocks 4x4,Hellinger,3072,0.8,0.8333333333333334
Lab 1D 64,Lab,pyramid 1+2+4,Chi-square,4032,0.8,0.8333333333333334
HSV 1D W1-grid bins,HSV,blocks 4x4,L1,512,0.7666666666666667,0.8194444444444444
HSV 1D W1-grid bins,HSV,pyramid 1+2+4,L1,672,0.7666666666666667,0.8194444444444444
HSV 1D 16,HSV,blocks 4x4,L1,768,0.7666666666666667,0.8194444444444444
HSV 1D 16,HSV,pyramid 1+2+4,L1,1008,0.7666666666666667,0.8138888888888889
Lab 1D 32,Lab,pyramid 1+2+4,Hellinger,2016,0.7666666666666667,0.8133333333333332
Lab 1D 64,Lab,pyramid 1+2+4 equal levels,L1,4032,0.7666666666666667,0.8066666666666666
Lab 1D 64,Lab,pyramid 1+2+4,Hellinger,4032,0.7666666666666667,0.8055555555555555
HSV 1D W1-grid bins,HSV,blocks 4x4,Hellinger,512,0.7333333333333333,0.7972222222222222
HSV 1D 32,HSV,blocks 4x4,Chi-square,1536,0.7666666666666667,0.7944444444444444
HSV 1D W1-grid bins,HSV,blocks 4x4,Chi-square,512,0.7333333333333333,0.7944444444444444
HSV 2D HS+HV 16x16,HSV,blocks 4x4,Hellinger,8192,0.7333333333333333,0.7944444444444444
HSV 1D W1-grid bins,HSV,pyramid 1+2+4,Chi-square,672,0.7333333333333333,0.7927777777777777
HSV 1D W1-grid bins,HSV,pyramid 1+2+4,Hellinger,672,0.7333333333333333,0.7927777777777777
HSV 2D HS+HV 16x16,HSV,pyramid 1+2+4,Hellinger,10752,0.7333333333333333,0.7927777777777777
YCrCb 1D 32,YCrCb,blocks 4x4,L1,1536,0.7,0.7916666666666666
HSV 1D 16,HSV,blocks 4x4,Hellinger,768,0.7333333333333333,0.7916666666666665
HSV 1D W1-grid bins,HSV,pyramid 1+2+4 equal levels,Chi-square,672,0.7666666666666667,0.7883333333333333
HSV 2D HS+HV 16x16,HSV,blocks 4x4,Chi-square,8192,0.7333333333333333,0.7872222222222223
HSV 1D 16,HSV,blocks 4x4,Chi-square,768,0.7333333333333333,0.7861111111111112
HSV 1D W1-global bins,HSV,blocks 4x4,Chi-square,1504,0.7333333333333333,0.7861111111111111
HSV 1D 16,HSV,pyramid 1+2+4,Chi-square,1008,0.7333333333333333,0.7788888888888887
HSV 2D HS+HV 16x16,HSV,pyramid 1+2+4,Chi-square,10752,0.7333333333333333,0.7777777777777778
HSV 3D 4,HSV,blocks 4x4,Hellinger,1024,0.7,0.7777777777777778
HSV 2D HS+HV 16x16,HSV,pyramid 1+2+4,L1,10752,0.7333333333333333,0.7722222222222223
HSV 1D W1-global bins,HSV,blocks 4x4,Hellinger,1504,0.7333333333333333,0.7722222222222221
HSV 1D 32,HSV,blocks 4x4,L1,1536,0.7333333333333333,0.7722222222222221
HSV 1D 32,HSV,blocks 4x4,Hellinger,1536,0.7333333333333333,0.7722222222222221
HSV 1D 32,HSV,pyramid 1+2+4,L1,2016,0.7333333333333333,0.7722222222222221
HSV 1D W1-grid bins,HSV,pyramid 1+2+4 equal levels,Hellinger,672,0.7333333333333333,0.7716666666666666
HSV 1D 16,HSV,pyramid 1+2+4,Hellinger,1008,0.7333333333333333,0.7705555555555554
HSV 1D W1-global bins,HSV,blocks 4x4,L1,1504,0.7333333333333333,0.7688888888888888
HSV 2D HS+HV 16x16,HSV,blocks 4x4,L1,8192,0.7,0.7666666666666667
HSV 1D 16,HSV,pyramid 1+2+4 equal levels,Hellinger,1008,0.7333333333333333,0.765
HSV 3D 4,HSV,pyramid 1+2+4,Hellinger,1344,0.7,0.765
YCrCb 1D 32,YCrCb,pyramid 1+2+4,L1,2016,0.6666666666666666,0.765
HSV 1D W1-grid bins,HSV,pyramid 1+2+4 equal levels,L1,672,0.6666666666666666,0.7638888888888888
HSV 1D 16,HSV,pyramid 1+2+4 equal levels,L1,1008,0.7,0.7622222222222222
Lab 1D 16,Lab,blocks 4x4,L1,768,0.7,0.7611111111111111
HSV 1D 32,HSV,pyramid 1+2+4,Hellinger,2016,0.7,0.7611111111111111
Lab 1D 64,Lab,pyramid 1+2+4 equal levels,Chi-square,4032,0.7,0.7611111111111111
YCrCb 1D 32,YCrCb,blocks 4x4,Hellinger,1536,0.7333333333333333,0.7594444444444444
HSV 1D W1-global bins,HSV,pyramid 1+2+4,L1,1974,0.7333333333333333,0.7594444444444444
YCrCb 1D 32,YCrCb,blocks 4x4,Chi-square,1536,0.7,0.7594444444444444
Lab 1D 16,Lab,blocks 4x4,Hellinger,768,0.7333333333333333,0.7566666666666666
HSV 1D W1-global bins,HSV,pyramid 1+2+4,Hellinger,1974,0.7,0.7555555555555554
HSV 1D 32,HSV,pyramid 1+2+4,Chi-square,2016,0.7,0.7555555555555554
Lab 1D 32,Lab,pyramid 1+2+4 equal levels,L1,2016,0.7,0.7555555555555554
HSV 3D 4,HSV,blocks 4x4,Chi-square,1024,0.6666666666666666,0.7511111111111111
Lab 1D 16,Lab,blocks 4x4,Chi-square,768,0.7333333333333333,0.75
Lab 1D 16,Lab,pyramid 1+2+4,Chi-square,1008,0.7333333333333333,0.75
HSV 2D HS+HV 16x16,HSV,pyramid 1+2+4 equal levels,L1,10752,0.7,0.75
HSV 3D 8,HSV,blocks 4x4,Hellinger,8192,0.7333333333333333,0.7483333333333333
HSV 1D 16,HSV,pyramid 1+2+4 equal levels,Chi-square,1008,0.7,0.7483333333333333
HSV 1D W1-global bins,HSV,pyramid 1+2+4,Chi-square,1974,0.7,0.7472222222222221
HSV 2D HS+HV 16x16,HSV,pyramid 1+2+4 equal levels,Chi-square,10752,0.7,0.7466666666666666
Lab 1D 64,Lab,blocks 2x2,L1,768,0.6666666666666666,0.7455555555555554
HSV 1D W1-grid bins,HSV,blocks 2x2,L1,128,0.6666666666666666,0.7444444444444446
Lab 1D 32,Lab,pyramid 1+2+4 equal levels,Chi-square,2016,0.7,0.7444444444444444
Lab 1D 32,Lab,pyramid 1+2+4 equal levels,Hellinger,2016,0.7,0.7444444444444444
Lab 2D ab 16,Lab,blocks 4x4,Chi-square,4096,0.7,0.7444444444444444
Lab 3D 4,Lab,blocks 4x4,L1,1024,0.7333333333333333,0.7416666666666667
Lab 3D 4,Lab,pyramid 1+2+4,L1,1344,0.7333333333333333,0.7416666666666667
HSV 3D 8,HSV,pyramid 1+2+4,Hellinger,10752,0.7333333333333333,0.7416666666666667
Lab 1D 16,Lab,pyramid 1+2+4,L1,1008,0.7,0.7416666666666667
Lab 2D ab 32,Lab,blocks 4x4,Hellinger,16384,0.6666666666666666,0.7388888888888888
Lab 2D ab 32,Lab,blocks 4x4,L1,16384,0.7,0.7344444444444445
Lab 1D 16,Lab,pyramid 1+2+4,Hellinger,1008,0.7,0.7344444444444443
Lab 1D 64,Lab,pyramid 1+2,L1,960,0.6666666666666666,0.7344444444444443
Lab 1D 64,Lab,pyramid 1+2+4 equal levels,Hellinger,4032,0.6666666666666666,0.7333333333333333
Lab 2D ab 32,Lab,pyramid 1+2+4,Hellinger,21504,0.6666666666666666,0.7333333333333333
Lab 2D ab 16,Lab,pyramid 1+2+4,Chi-square,5376,0.7,0.7316666666666667
HSV 1D 32,HSV,pyramid 1+2+4 equal levels,L1,2016,0.6666666666666666,0.726111111111111
HSV 1D 32,HSV,pyramid 1+2+4 equal levels,Chi-square,2016,0.6666666666666666,0.726111111111111
HSV 2D HS+HV 16x16,HSV,pyramid 1+2+4 equal levels,Hellinger,10752,0.6666666666666666,0.726111111111111
Lab 2D ab 32,Lab,blocks 4x4,Chi-square,16384,0.6666666666666666,0.7222222222222222
HSV 3D 4,HSV,blocks 4x4,L1,1024,0.6333333333333333,0.7216666666666666
HSV 1D 16,HSV,blocks 2x2,L1,192,0.6666666666666666,0.7194444444444444
HSV 1D W1-global bins,HSV,pyramid 1+2+4 equal levels,Chi-square,1974,0.6666666666666666,0.715
Lab 2D ab 16,Lab,blocks 4x4,Hellinger,4096,0.6333333333333333,0.715
HSV 1D 32,HSV,pyramid 1+2+4 equal levels,Hellinger,2016,0.6333333333333333,0.7122222222222222
HSV 1D W1-grid bins,HSV,pyramid 1+2,L1,160,0.6,0.7111111111111111
YCrCb 1D 32,YCrCb,pyramid 1+2+4,Hellinger,2016,0.6666666666666666,0.711111111111111
Lab 1D 32,Lab,blocks 2x2,L1,384,0.6333333333333333,0.7105555555555555
HSV 3D 8,HSV,blocks 4x4,L1,8192,0.6666666666666666,0.7083333333333334
HSV 3D 8,HSV,blocks 4x4,Chi-square,8192,0.6666666666666666,0.7083333333333334
HSV 3D 4,HSV,pyramid 1+2+4,Chi-square,1344,0.6333333333333333,0.7083333333333334
HSV 2D HS+HV 16x16,HSV,blocks 2x2,Hellinger,2048,0.6666666666666666,0.7077777777777778
Lab 1D 16,Lab,pyramid 1+2+4 equal levels,Hellinger,1008,0.7,0.7066666666666667
Lab 3D 4,Lab,blocks 4x4,Chi-square,1024,0.7,0.7066666666666667
Lab 1D 32,Lab,blocks 2x2,Chi-square,384,0.6666666666666666,0.7066666666666667
HSV 1D W1-global bins,HSV,pyramid 1+2+4 equal levels,L1,1974,0.6666666666666666,0.7066666666666667
HSV 3D 4,HSV,pyramid 1+2+4,L1,1344,0.6333333333333333,0.7066666666666667
HSV 2D HS+HV 16x16,HSV,pyramid 1+2,L1,2560,0.6333333333333333,0.7027777777777778
HSV 1D W1-grid bins,HSV,blocks 2x2,Hellinger,128,0.6333333333333333,0.7027777777777777
HSV 1D 16,HSV,pyramid 1+2,L1,240,0.6333333333333333,0.7027777777777777
Lab 1D 64,Lab,blocks 2x2,Chi-square,768,0.6333333333333333,0.7027777777777777
Lab 2D ab 16,Lab,pyramid 1+2+4,Hellinger,5376,0.6333333333333333,0.7027777777777777
Lab 2D ab 32,Lab,pyramid 1+2+4,L1,21504,0.6333333333333333,0.7011111111111111
HSV 1D W1-global bins,HSV,pyramid 1+2+4 equal levels,Hellinger,1974,0.6333333333333333,0.701111111111111
YCrCb 1D 32,YCrCb,pyramid 1+2+4,Chi-square,2016,0.6333333333333333,0.7011111111111109
Lab 3D 8,Lab,pyramid 1+2+4,L1,10752,0.7,0.7
Lab 3D 8,Lab,pyramid 1+2+4 equal levels,L1,10752,0.7,0.7
HSV 1D W1-global bins,HSV,blocks 2x2,L1,376,0.6666666666666666,0.7
HSV 2D HS+HV 16x16,HSV,blocks 2x2,L1,2048,0.6333333333333333,0.6972222222222222
Lab 3D 4,Lab,pyramid 1+2+4 equal levels,L1,1344,0.6666666666666666,0.6955555555555556
HSV 3D 4,HSV,pyramid 1+2+4 equal levels,Hellinger,1344,0.6333333333333333,0.6955555555555556
HSV 2D HS 8x8,HSV,blocks 4x4,Chi-square,1024,0.6666666666666666,0.6955555555555555
HSV 1D W1-global bins,HSV,pyramid 1+2,L1,470,0.6666666666666666,0.6944444444444444
HSV 3D 8,HSV,pyramid 1+2+4,Chi-square,10752,0.6666666666666666,0.6944444444444444
Lab 1D 64,Lab,blocks 2x2,Hellinger,768,0.6333333333333333,0.6944444444444444
Lab 2D ab 32,Lab,pyramid 1+2+4,Chi-square,21504,0.6333333333333333,0.6944444444444444
Lab 1D 32,Lab,pyramid 1+2,Chi-square,480,0.6666666666666666,0.6916666666666667
Lab 3D 4,Lab,pyramid 1+2+4,Chi-square,1344,0.6666666666666666,0.6916666666666667
Lab 1D 64,Lab,pyramid 1+2,Hellinger,960,0.6333333333333333,0.6916666666666667
HSV 2D HS 8x8,HSV,blocks 4x4,Hellinger,1024,0.6333333333333333,0.691111111111111
Lab 1D 16,Lab,pyramid 1+2+4 equal levels,L1,1008,0.6666666666666666,0.6888888888888888
HSV 3D 4,HSV,pyramid 1+2+4 equal levels,Chi-square,1344,0.6333333333333333,0.6888888888888888
HSV 2D HS+HV 16x16,HSV,blocks 2x2,Chi-square,2048,0.6333333333333333,0.6888888888888888
HSV 2D HS+HV 16x16,HSV,pyramid 1+2,Chi-square,2560,0.6333333333333333,0.6861111111111111
HSV 1D W1-grid bins,HSV,blocks 2x2,Chi-square,128,0.6,0.6861111111111111
HSV 1D W1-grid bins,HSV,pyramid 1+2,Hellinger,160,0.6,0.6861111111111111
Lab 1D 32,Lab,blocks 2x2,Hellinger,384,0.6333333333333333,0.6844444444444444
Lab 3D 8,Lab,blocks 4x4,L1,8192,0.6666666666666666,0.6833333333333333
Lab 3D 8,Lab,blocks 4x4,Chi-square,8192,0.6666666666666666,0.6833333333333333
Lab 3D 8,Lab,pyramid 1+2+4,Chi-square,10752,0.6666666666666666,0.6833333333333333
YCrCb 1D 32,YCrCb,pyramid 1+2+4 equal levels,L1,2016,0.6333333333333333,0.6833333333333333
Lab 1D 32,Lab,pyramid 1+2,L1,480,0.6333333333333333,0.6788888888888888
HSV 2D HS 8x8,HSV,pyramid 1+2+4,Chi-square,1344,0.6333333333333333,0.6788888888888888
Lab 3D 8,Lab,pyramid 1+2+4 equal levels,Chi-square,10752,0.6666666666666666,0.675
Lab 3D 4,Lab,blocks 4x4,Hellinger,1024,0.6333333333333333,0.6733333333333333
Lab 3D 4,Lab,pyramid 1+2+4,Hellinger,1344,0.6333333333333333,0.6733333333333333
Lab 2D ab 16,Lab,pyramid 1+2+4,L1,5376,0.6333333333333333,0.6733333333333333
Lab 2D ab 16,Lab,pyramid 1+2+4 equal levels,Hellinger,5376,0.6,0.6733333333333333
HSV 2D HS 8x8,HSV,pyramid 1+2+4,Hellinger,1344,0.6333333333333333,0.6722222222222222
HSV 1D W1-grid bins,HSV,pyramid 1+2,Chi-square,160,0.5666666666666667,0.6694444444444444
HSV 1D 16,HSV,blocks 2x2,Chi-square,192,0.5666666666666667,0.6694444444444444
Lab 3D 8,Lab,pyramid 1+2+4 equal levels,Hellinger,10752,0.6666666666666666,0.6666666666666666
Lab 1D 16,Lab,pyramid 1+2+4 equal levels,Chi-square,1008,0.6333333333333333,0.6666666666666666
Lab 2D ab 16,Lab,pyramid 1+2+4 equal levels,Chi-square,5376,0.6333333333333333,0.6666666666666666
Lab 3D 8,Lab,blocks 4x4,Hellinger,8192,0.6333333333333333,0.6666666666666666
Lab 3D 8,Lab,pyramid 1+2+4,Hellinger,10752,0.6333333333333333,0.6666666666666666
HSV 2D HS 16x16,HSV,blocks 4x4,Hellinger,4096,0.6,0.6649999999999999
Lab 2D ab 16,Lab,blocks 4x4,L1,4096,0.6,0.6649999999999999
HSV 2D HS 30x32,HSV,blocks 4x4,L1,15360,0.6,0.6649999999999999
HSV 2D HS 8x8,HSV,blocks 4x4,L1,1024,0.6,0.6638888888888889
HSV 1D 16,HSV,pyramid 1+2,Chi-square,240,0.5666666666666667,0.6638888888888889
HSV 1D W1-global bins,HSV,blocks 2x2,Chi-square,376,0.6,0.6611111111111111
HSV 2D HS+HV 16x16,HSV,pyramid 1+2,Hellinger,2560,0.6,0.6594444444444444
HSV 2D HS 16x16,HSV,pyramid 1+2+4,Hellinger,5376,0.6,0.6594444444444444
HSV 1D 32,HSV,blocks 2x2,L1,384,0.6333333333333333,0.6583333333333333
Lab 1D 16,Lab,blocks 2x2,L1,192,0.6,0.6583333333333333
HSV 3D 8,HSV,pyramid 1+2+4,L1,10752,0.6,0.6583333333333333
Lab 2D ab 32,Lab,pyramid 1+2+4 equal levels,L1,21504,0.6,0.6583333333333333
Lab 1D 16,Lab,blocks 2x2,Hellinger,192,0.6333333333333333,0.6566666666666666
YCrCb 1D 32,YCrCb,pyramid 1+2+4 equal levels,Chi-square,2016,0.6333333333333333,0.6566666666666666
HSV 2D HS 30x32,HSV,blocks 4x4,Hellinger,15360,0.5666666666666667,0.6566666666666666
Lab 1D 64,Lab,pyramid 1+2,Chi-square,960,0.5666666666666667,0.6555555555555556
HSV 3D 8,HSV,pyramid 1+2+4 equal levels,Hellinger,10752,0.6,0.6555555555555554
HSV 2D HS 30x32,HSV,blocks 4x4,Chi-square,15360,0.5666666666666667,0.6549999999999999
HSV 3D 4,HSV,blocks 2x2,Chi-square,256,0.6,0.6527777777777778
HSV 1D W1-global bins,HSV,pyramid 1+2,Chi-square,470,0.6,0.6527777777777778
Lab 1D 32,Lab,pyramid 1+2,Hellinger,480,0.6,0.6527777777777778
HSV 1D 16,HSV,blocks 2x2,Hellinger,192,0.5333333333333333,0.6527777777777778
Lab 1D 16,Lab,pyramid 1+2,L1,240,0.6,0.6511111111111111
Lab 1D 16,Lab,pyramid 1+2,Hellinger,240,0.6333333333333333,0.65
HSV 1D 32,HSV,pyramid 1+2,L1,480,0.6333333333333333,0.65
Lab 1D 16,Lab,blocks 2x2,Chi-square,192,0.6,0.65
Lab 3D 8,Lab,blocks 2x2,L1,2048,0.6,0.65
Lab 3D 8,Lab,pyramid 1+2,L1,2560,0.6,0.65
HSV 2D HS 8x8,HSV,pyramid 1+2+4,L1,1344,0.6,0.6483333333333333
YCrCb 1D 32,YCrCb,pyramid 1+2+4 equal levels,Hellinger,2016,0.6,0.6483333333333333
HSV 2D HS 8x8,HSV,pyramid 1+2+4 equal levels,Hellinger,1344,0.6,0.6472222222222221
YCrCb 1D 32,YCrCb,blocks 2x2,L1,384,0.5666666666666667,0.6472222222222221
Lab 2D ab 32,Lab,pyramid 1+2+4 equal levels,Hellinger,21504,0.5666666666666667,0.6472222222222221
RGB 1D 32,RGB,blocks 4x4,Chi-square,1536,0.6333333333333333,0.6444444444444445
HSV 2D HV 8x8,HSV,blocks 4x4,Hellinger,1024,0.6333333333333333,0.6444444444444444
Lab 3D 4,Lab,pyramid 1+2+4 equal levels,Hellinger,1344,0.6,0.6444444444444444
HSV 1D W1-global bins,HSV,blocks 2x2,Hellinger,376,0.5666666666666667,0.6444444444444444
HSV 1D 16,HSV,pyramid 1+2,Hellinger,240,0.5333333333333333,0.6444444444444444
HSV 2D HV 8x8,HSV,blocks 4x4,Chi-square,1024,0.6333333333333333,0.6416666666666667
Lab 1D 16,Lab,pyramid 1+2,Chi-square,240,0.6,0.6416666666666667
Lab 3D 4,Lab,pyramid 1+2+4 equal levels,Chi-square,1344,0.5666666666666667,0.6416666666666667
Lab 3D 4,Lab,blocks 2x2,L1,256,0.5666666666666667,0.638888888888889
HSV 3D 8,HSV,pyramid 1+2+4 equal levels,Chi-square,10752,0.5666666666666667,0.6344444444444445
HSV 3D 4,HSV,blocks 2x2,Hellinger,256,0.5666666666666667,0.6344444444444444
HSV 1D 32,HSV,blocks 2x2,Chi-square,384,0.5666666666666667,0.6344444444444444
HSV 2D HS 16x16,HSV,blocks 4x4,Chi-square,4096,0.5666666666666667,0.6344444444444444
HSV 2D HV 8x8,HSV,pyramid 1+2+4,Hellinger,1344,0.6333333333333333,0.6333333333333333
HSV 1D W1-global bins,HSV,pyramid 1+2,Hellinger,470,0.5666666666666667,0.6305555555555556
Lab 2D ab 32,Lab,pyramid 1+2+4 equal levels,Chi-square,21504,0.5666666666666667,0.6305555555555556
YCrCb 1D 32,YCrCb,blocks 2x2,Chi-square,384,0.5666666666666667,0.63
HSV 2D HS 8x8,HSV,pyramid 1+2+4 equal levels,Chi-square,1344,0.5666666666666667,0.6288888888888889
HSV 3D 4,HSV,pyramid 1+2,Hellinger,320,0.5666666666666667,0.6277777777777778
HSV 2D HS 30x32,HSV,pyramid 1+2+4,Hellinger,20160,0.5666666666666667,0.6277777777777778
HSV 3D 8,HSV,pyramid 1+2+4 equal levels,L1,10752,0.5666666666666667,0.6261111111111112
RGB 1D 32,RGB,blocks 4x4,L1,1536,0.6,0.625
HSV 1D 32,HSV,blocks 2x2,Hellinger,384,0.5333333333333333,0.625
HSV 2D HS 16x16,HSV,pyramid 1+2+4,Chi-square,5376,0.5666666666666667,0.6233333333333333
HSV 2D HS 30x32,HSV,pyramid 1+2+4,L1,20160,0.5333333333333333,0.6233333333333333
Lab 3D 4,Lab,pyramid 1+2,L1,320,0.5333333333333333,0.6222222222222222
HSV 1D 32,HSV,pyramid 1+2,Chi-square,480,0.5666666666666667,0.6205555555555555
HSV 2D HV 8x8,HSV,blocks 4x4,L1,1024,0.6,0.6194444444444446
RGB 1D 32,RGB,pyramid 1+2+4,Chi-square,2016,0.6,0.6194444444444446
HSV 2D HV 8x8,HSV,pyramid 1+2+4,L1,1344,0.6,0.6166666666666667
HSV 2D HV 8x8,HSV,pyramid 1+2+4,Chi-square,1344,0.6,0.6166666666666667
HSV 2D HV 8x8,HSV,pyramid 1+2+4 equal levels,Hellinger,1344,0.6,0.6166666666666667
HSV 2D HS+HV 16x16,HSV,global,L1,512,0.5666666666666667,0.6166666666666667
RGB 1D 32,RGB,pyramid 1+2+4,L1,2016,0.6,0.615
HSV 3D 8,HSV,blocks 2x2,Hellinger,2048,0.5333333333333333,0.615
HSV 2D HS 30x32,HSV,pyramid 1+2+4,Chi-square,20160,0.5333333333333333,0.615
YCrCb 1D 32,YCrCb,pyramid 1+2,L1,480,0.5333333333333333,0.6138888888888888
HSV 3D 4,HSV,blocks 2x2,L1,256,0.5333333333333333,0.611111111111111
HSV 3D 4,HSV,pyramid 1+2,Chi-square,320,0.5333333333333333,0.611111111111111
HSV 1D 32,HSV,pyramid 1+2,Hellinger,480,0.5333333333333333,0.6066666666666667
YCrCb 1D 32,YCrCb,pyramid 1+2,Chi-square,480,0.5333333333333333,0.6066666666666667
HSV 2D HS 16x16,HSV,blocks 4x4,L1,4096,0.5333333333333333,0.6066666666666667
Lab 2D ab 16,Lab,pyramid 1+2+4 equal levels,L1,5376,0.5,0.6066666666666667
HSV 3D 4,HSV,pyramid 1+2+4 equal levels,L1,1344,0.5333333333333333,0.6055555555555555
HSV 1D 16,HSV,global,Chi-square,48,0.5333333333333333,0.6038888888888889
HSV 2D HS+HV 16x16,HSV,global,Hellinger,512,0.5333333333333333,0.6038888888888889
HSV 2D HS 16x16,HSV,pyramid 1+2+4,L1,5376,0.5666666666666667,0.6038888888888888
HSV 2D HS+HV 16x16,HSV,global,Chi-square,512,0.5333333333333333,0.6027777777777777
Lab 2D ab 32,Lab,blocks 2x2,L1,4096,0.5333333333333333,0.6027777777777777
Lab 2D ab 8,Lab,blocks 4x4,Hellinger,1024,0.5666666666666667,0.601111111111111
HSV 2D HV 8x8,HSV,blocks 2x2,L1,256,0.6,0.6
HSV 2D HV 8x8,HSV,blocks 2x2,Chi-square,256,0.6,0.6
HSV 2D HV 8x8,HSV,pyramid 1+2+4 equal levels,L1,1344,0.6,0.6
HSV 2D HV 8x8,HSV,pyramid 1+2+4 equal levels,Chi-square,1344,0.6,0.6
Lab 3D 8,Lab,pyramid 1+2,Chi-square,2560,0.5333333333333333,0.6
Lab 1D 64,Lab,global,L1,192,0.5333333333333333,0.5994444444444444
Lab 3D 4,Lab,blocks 2x2,Chi-square,256,0.5333333333333333,0.5972222222222221
Lab 3D 4,Lab,blocks 2x2,Hellinger,256,0.5333333333333333,0.5972222222222221
Lab 3D 4,Lab,pyramid 1+2,Chi-square,320,0.5333333333333333,0.5972222222222221
Lab 2D ab 16,Lab,blocks 2x2,Hellinger,1024,0.5333333333333333,0.5972222222222221
Lab 2D ab 32,Lab,pyramid 1+2,Hellinger,5120,0.5333333333333333,0.5955555555555556
HSV 2D HS 8x8,HSV,blocks 2x2,Hellinger,256,0.5333333333333333,0.5944444444444444
HSV 2D HS 30x32,HSV,pyramid 1+2+4 equal levels,Hellinger,20160,0.5333333333333333,0.5944444444444444
Lab 2D ab 8,Lab,blocks 4x4,Chi-square,1024,0.5666666666666667,0.5927777777777777
Lab 2D ab 16,Lab,pyramid 1+2,Hellinger,1280,0.5333333333333333,0.5927777777777777
HSV 2D HV 8x8,HSV,blocks 2x2,Hellinger,256,0.5666666666666667,0.5916666666666667
HSV 1D 16,HSV,global,L1,48,0.5333333333333333,0.5916666666666667
HSV 3D 4,HSV,global,Chi-square,64,0.5333333333333333,0.5916666666666667
Lab 3D 8,Lab,pyramid 1+2,Hellinger,2560,0.5333333333333333,0.5916666666666667
Lab 2D ab 32,Lab,blocks 2x2,Hellinger,4096,0.5333333333333333,0.5916666666666667
Lab 2D ab 32,Lab,pyramid 1+2,L1,5120,0.5333333333333333,0.5916666666666667
Lab 3D 8,Lab,blocks 2x2,Chi-square,2048,0.5,0.5916666666666667
HSV 2D HS 8x8,HSV,blocks 2x2,Chi-square,256,0.5333333333333333,0.5911111111111111
Lab 2D ab 8,Lab,pyramid 1+2+4,Chi-square,1344,0.5666666666666667,0.59
HSV 1D W1-global bins,HSV,global,L1,94,0.5333333333333333,0.59
YCrCb 1D 32,YCrCb,pyramid 1+2,Hellinger,480,0.5333333333333333,0.59
HSV 2D HS 8x8,HSV,pyramid 1+2+4 equal levels,L1,1344,0.5333333333333333,0.59
RGB 1D 32,RGB,blocks 4x4,Hellinger,1536,0.5333333333333333,0.5888888888888889
Lab 2D ab 32,Lab,blocks 2x2,Chi-square,4096,0.5333333333333333,0.5888888888888889
Lab 3D 8,Lab,blocks 2x2,Hellinger,2048,0.5333333333333333,0.5888888888888888
HSV 2D HS 8x8,HSV,blocks 2x2,L1,256,0.5333333333333333,0.5872222222222222
Lab 3D 4,Lab,pyramid 1+2,Hellinger,320,0.5333333333333333,0.5872222222222222
Lab 2D ab 32,Lab,pyramid 1+2,Chi-square,5120,0.5333333333333333,0.5861111111111111
HSV 2D HV 8x8,HSV,pyramid 1+2,Hellinger,320,0.5666666666666667,0.586111111111111
Lab 2D ab 16,Lab,blocks 2x2,Chi-square,1024,0.5333333333333333,0.586111111111111
Lab 2D ab 16,Lab,pyramid 1+2,Chi-square,1280,0.5333333333333333,0.586111111111111
Lab 1D 32,Lab,global,L1,96,0.5,0.586111111111111
HSV 2D HS 8x8,HSV,pyramid 1+2,L1,320,0.5333333333333333,0.5844444444444444
HSV 2D HS 8x8,HSV,pyramid 1+2,Chi-square,320,0.5333333333333333,0.5844444444444444
Lab 2D ab 8,Lab,pyramid 1+2+4,Hellinger,1344,0.5333333333333333,0.5844444444444444
HSV 2D HS 16x16,HSV,pyramid 1+2+4 equal levels,Hellinger,5376,0.5333333333333333,0.5844444444444444
HSV 1D W1-grid bins,HSV,global,L1,32,0.5,0.5844444444444444
HSV 2D HV 8x8,HSV,pyramid 1+2,L1,320,0.5666666666666667,0.5833333333333334
HSV 2D HV 8x8,HSV,pyramid 1+2,Chi-square,320,0.5666666666666667,0.5833333333333334
HSV 3D 4,HSV,pyramid 1+2,L1,320,0.5,0.5805555555555555
YCrCb 1D 32,YCrCb,blocks 2x2,Hellinger,384,0.5,0.58
RGB 1D 32,RGB,pyramid 1+2+4,Hellinger,2016,0.5333333333333333,0.5788888888888889
HSV 2D HS 8x8,HSV,pyramid 1+2,Hellinger,320,0.5,0.5777777777777777
HSV 3D 8,HSV,pyramid 1+2,Hellinger,2560,0.4666666666666667,0.576111111111111
HSV 1D 16,HSV,global,Hellinger,48,0.5,0.5744444444444444
Lab 2D ab 8,Lab,pyramid 1+2+4,L1,1344,0.5333333333333333,0.5733333333333334
HSV 3D 4,HSV,global,Hellinger,64,0.5,0.5722222222222222
HSV 2D HS 16x16,HSV,pyramid 1+2+4 equal levels,Chi-square,5376,0.5,0.5700000000000001
RGB 1D 32,RGB,pyramid 1+2+4 equal levels,L1,2016,0.5333333333333333,0.5666666666666667
HSV 3D 8,HSV,blocks 2x2,Chi-square,2048,0.4666666666666667,0.5666666666666667
Lab 2D ab 8,Lab,blocks 4x4,L1,1024,0.5,0.565
HSV 1D W1-grid bins,HSV,global,Hellinger,32,0.4666666666666667,0.565
Lab 2D ab 16,Lab,blocks 2x2,L1,1024,0.4666666666666667,0.5638888888888888
HSV 2D HS 16x16,HSV,pyramid 1+2+4 equal levels,L1,5376,0.5,0.5594444444444444
Lab 1D 32,Lab,global,Hellinger,96,0.5,0.5583333333333333
HSV 1D W1-grid bins,HSV,global,Chi-square,32,0.4666666666666667,0.5549999999999999
HSV 1D W1-global bins,HSV,global,Hellinger,94,0.4666666666666667,0.5538888888888889
Lab 3D 8,Lab,global,Chi-square,512,0.5333333333333333,0.5527777777777777
HSV 2D HS 30x32,HSV,pyramid 1+2+4 equal levels,L1,20160,0.5,0.5527777777777777
HSV 2D HS 30x32,HSV,pyramid 1+2,Hellinger,4800,0.5,0.5522222222222222
HSV 2D HS 30x32,HSV,blocks 2x2,Hellinger,3840,0.5,0.5505555555555556
Lab 3D 8,Lab,global,Hellinger,512,0.5333333333333333,0.55
HSV 1D W1-global bins,HSV,global,Chi-square,94,0.4666666666666667,0.55
Lab 1D 64,Lab,global,Hellinger,192,0.4666666666666667,0.55
HSV 3D 8,HSV,blocks 2x2,L1,2048,0.43333333333333335,0.55
HSV 3D 8,HSV,pyramid 1+2,Chi-square,2560,0.43333333333333335,0.55
HSV 2D HS 16x16,HSV,pyramid 1+2,L1,1280,0.5,0.5494444444444445
Lab 2D ab 8,Lab,pyramid 1+2+4 equal levels,Chi-square,1344,0.5333333333333333,0.5483333333333333
RGB 1D 32,RGB,pyramid 1+2+4 equal levels,Chi-square,2016,0.5,0.5483333333333333
HSV 2D HS 30x32,HSV,pyramid 1+2+4 equal levels,Chi-square,20160,0.5,0.5472222222222222
Lab 2D ab 8,Lab,pyramid 1+2+4 equal levels,Hellinger,1344,0.5,0.5455555555555556
Lab 2D ab 32,Lab,global,Chi-square,1024,0.4666666666666667,0.5455555555555556
RGB 1D 32,RGB,pyramid 1+2+4 equal levels,Hellinger,2016,0.5,0.5444444444444445
Lab 2D ab 32,Lab,global,Hellinger,1024,0.4666666666666667,0.5444444444444445
HSV 2D HS 16x16,HSV,blocks 2x2,L1,1024,0.5,0.5427777777777777
Lab 2D ab 16,Lab,pyramid 1+2,L1,1280,0.43333333333333335,0.5416666666666666
HSV 3D 8,HSV,pyramid 1+2,L1,2560,0.43333333333333335,0.5416666666666666
HSV 3D 4,HSV,global,L1,64,0.5,0.5388888888888889
Lab 1D 64,Lab,global,Chi-square,192,0.4666666666666667,0.5388888888888889
Lab 2D ab 16,Lab,global,Hellinger,256,0.4666666666666667,0.5372222222222223
HSV 2D HS 30x32,HSV,blocks 2x2,L1,3840,0.5,0.5361111111111111
HSV 2D HS 30x32,HSV,pyramid 1+2,L1,4800,0.5,0.5361111111111111
HSV 2D HS 16x16,HSV,blocks 2x2,Chi-square,1024,0.5,0.5344444444444444
HSV 2D HS 16x16,HSV,global,Chi-square,256,0.5,0.5327777777777778
HSV 2D HS 30x32,HSV,blocks 2x2,Chi-square,3840,0.5,0.5327777777777778
HSV 2D HS 30x32,HSV,pyramid 1+2,Chi-square,4800,0.5,0.5327777777777778
HSV 2D HS 16x16,HSV,blocks 2x2,Hellinger,1024,0.4666666666666667,0.53
HSV 2D HS 16x16,HSV,pyramid 1+2,Chi-square,1280,0.5,0.5288888888888889
HSV 2D HS 16x16,HSV,pyramid 1+2,Hellinger,1280,0.4666666666666667,0.5283333333333334
HSV 2D HV 8x8,HSV,global,Chi-square,64,0.5,0.5277777777777778
HSV 2D HS 16x16,HSV,global,Hellinger,256,0.4666666666666667,0.5255555555555556
Lab 2D ab 8,Lab,pyramid 1+2+4 equal levels,L1,1344,0.4666666666666667,0.525
HSV 1D 32,HSV,global,L1,96,0.4666666666666667,0.5244444444444444
HSV 2D HV 8x8,HSV,global,Hellinger,64,0.5,0.5222222222222223
Lab 2D ab 32,Lab,global,L1,1024,0.4666666666666667,0.5222222222222223
RGB 1D 32,RGB,blocks 2x2,L1,384,0.5,0.5166666666666667
Lab 3D 8,Lab,global,L1,512,0.4666666666666667,0.5166666666666667
Lab 2D ab 16,Lab,global,L1,256,0.4666666666666667,0.515
HSV 1D 32,HSV,global,Hellinger,96,0.43333333333333335,0.515
Lab 2D ab 16,Lab,global,Chi-square,256,0.43333333333333335,0.515
HSV 2D HS 8x8,HSV,global,Chi-square,64,0.4666666666666667,0.513888888888889
HSV 2D HS 8x8,HSV,global,Hellinger,64,0.4666666666666667,0.513888888888889
HSV 3D 8,HSV,global,Hellinger,512,0.43333333333333335,0.5111111111111112
Lab 3D 4,Lab,global,Hellinger,64,0.4666666666666667,0.5094444444444445
HSV 1D 32,HSV,global,Chi-square,96,0.43333333333333335,0.5066666666666667
HSV 2D HS 30x32,HSV,global,L1,960,0.4666666666666667,0.5066666666666666
HSV 2D HS 30x32,HSV,global,Hellinger,960,0.4666666666666667,0.5061111111111111
Lab 3D 4,Lab,global,Chi-square,64,0.4666666666666667,0.5027777777777778
HSV 2D HS 8x8,HSV,global,L1,64,0.43333333333333335,0.5011111111111111
Lab 1D 32,Lab,global,Chi-square,96,0.4,0.5
HSV 2D HS 30x32,HSV,global,Chi-square,960,0.4666666666666667,0.49944444444444447
Lab 1D 16,Lab,global,L1,48,0.43333333333333335,0.4972222222222223
RGB 1D 32,RGB,blocks 2x2,Hellinger,384,0.43333333333333335,0.49166666666666664
RGB 1D 32,RGB,pyramid 1+2,Hellinger,480,0.43333333333333335,0.49166666666666664
Lab 1D 16,Lab,global,Hellinger,48,0.43333333333333335,0.49
RGB 1D 32,RGB,blocks 2x2,Chi-square,384,0.43333333333333335,0.49
RGB 1D 32,RGB,pyramid 1+2,Chi-square,480,0.43333333333333335,0.49
HSV 2D HV 8x8,HSV,global,L1,64,0.43333333333333335,0.4883333333333333
HSV 2D HS 16x16,HSV,global,L1,256,0.4,0.48444444444444446
Lab 1D 16,Lab,global,Chi-square,48,0.43333333333333335,0.48055555555555557
RGB 1D 32,RGB,pyramid 1+2,L1,480,0.43333333333333335,0.48000000000000004
Lab 3D 4,Lab,global,L1,64,0.4,0.4733333333333334
HSV 3D 8,HSV,global,Chi-square,512,0.4,0.47222222222222227
Lab 2D ab 8,Lab,blocks 2x2,Chi-square,256,0.43333333333333335,0.4716666666666667
Lab 2D ab 8,Lab,blocks 2x2,Hellinger,256,0.43333333333333335,0.46944444444444444
Lab 2D ab 8,Lab,pyramid 1+2,Hellinger,320,0.43333333333333335,0.4677777777777778
YCrCb 1D 32,YCrCb,global,Hellinger,96,0.4,0.45777777777777773
Lab 2D ab 8,Lab,pyramid 1+2,Chi-square,320,0.43333333333333335,0.45555555555555555
Lab 2D ab 8,Lab,blocks 2x2,L1,256,0.4,0.45555555555555555
YCrCb 1D 32,YCrCb,global,L1,96,0.4,0.4538888888888889
Lab 2D ab 8,Lab,pyramid 1+2,L1,320,0.4,0.45
HSV 3D 8,HSV,global,L1,512,0.36666666666666664,0.44444444444444453
YCrCb 1D 32,YCrCb,global,Chi-square,96,0.36666666666666664,0.4311111111111111
RGB 1D 32,RGB,global,L1,96,0.36666666666666664,0.4027777777777778
RGB 1D 32,RGB,global,Chi-square,96,0.3333333333333333,0.375
Lab 2D ab 8,Lab,global,Hellinger,64,0.3,0.3594444444444444
Lab 2D ab 8,Lab,global,Chi-square,64,0.3,0.35777777777777775
RGB 1D 32,RGB,global,Hellinger,96,0.3,0.35666666666666663
Lab 2D ab 8,Lab,global,L1,64,0.26666666666666666,0.3194444444444445
