template,layout,distance,dimension,mAP@1,mAP@5
Lab 1D 32,blocks 6x6,L1,3456,0.8666666666666667,0.9
Lab 1D 32,pyramid 1+3+6,L1,4416,0.8666666666666667,0.9
Lab 1D 32,blocks 6x6,Chi-square,3456,0.8666666666666667,0.8833333333333333
Lab 1D 32,blocks 6x6,Hellinger,3456,0.8666666666666667,0.88
Lab 1D 32,pyramid 1+3+6,Chi-square,4416,0.8333333333333334,0.8666666666666667
Lab 1D 32,pyramid 1+3+6,Hellinger,4416,0.8333333333333334,0.865
HSV 1D W1-grid bins,blocks 6x6,L1,1152,0.8,0.85
HSV 1D W1-grid bins,pyramid 1+3+6,L1,1472,0.8,0.8372222222222222
HSV 1D W1-grid bins,blocks 6x6,Chi-square,1152,0.8,0.836111111111111
HSV 1D W1-grid bins,blocks 6x6,Hellinger,1152,0.8,0.836111111111111
HSV 1D W1-grid bins,pyramid 1+3+6,Chi-square,1472,0.8,0.836111111111111
HSV 1D W1-grid bins,pyramid 1+3+6,Hellinger,1472,0.8,0.836111111111111
HSV 1D W1-grid bins,blocks 3x3,L1,288,0.7666666666666667,0.8194444444444444
Lab 1D 32,blocks 3x3,L1,864,0.7666666666666667,0.8122222222222221
HSV 1D W1-grid bins,blocks 3x3,Chi-square,288,0.7666666666666667,0.8094444444444444
HSV 1D W1-grid bins,blocks 3x3,Hellinger,288,0.7666666666666667,0.8027777777777777
Lab 1D 32,blocks 3x3,Chi-square,864,0.7333333333333333,0.7816666666666666
Lab 1D 32,blocks 3x3,Hellinger,864,0.7,0.7511111111111111
